,verb,oricat,pos,neg,equal
0,declare,pos,assert,intend,presume
1,strike,pos,attack,fear,struggle
2,pull,pos,push,keep,put
3,dump,pos,trash,overflow,waste
4,scowl,pos,frown,grimace,glower
5,cluster,pos,cloud,correspond,correspond
6,inflict,pos,injure,suffer,endanger
7,dust,pos,surface,rust,waste
8,pan,pos,bake,crumble,inch
9,leaf,pos,plant,rust,bark
10,sacrifice,pos,honor,desire,pray
11,mandate,pos,impose,regard,reconsider
12,encase,pos,encircle,protrude,enclose
13,free,pos,get,enjoy,access
14,bellow,pos,howl,wail,squeal
15,elect,pos,appoint,defer,defer
16,reverse,pos,switch,result,result
17,plaster,pos,paint,glitter,bark
18,reason,pos,think,doubt,suppose
19,bandage,pos,wound,flap,shin
20,distort,pos,exaggerate,misunderstand,depress
21,choke,pos,strangle,bleed,strangle
22,comprehend,pos,interpret,perceive,grasp
23,prevail,pos,arise,endure,struggle
24,divide,pos,split,perceive,multiply
25,sneer,pos,scowl,smirk,glower
26,swoop,pos,pounce,vanish,glide
27,carve,pos,chop,intend,imitate
28,interview,pos,talk,hear,brief
29,lumber,pos,mill,rot,bark
30,pinch,pos,squeeze,relish,pry
31,wind,pos,storm,snow,swell
32,unhook,pos,unscrew,fixate,pry
33,drown,pos,suffocate,weep,cry
34,sidestep,pos,evade,defer,defer
35,investigate,pos,assess,analyze,examine
36,promise,pos,bring,desire,hope
37,excite,pos,arouse,fascinate,attract
38,bubble,pos,boom,fart,slide
39,locate,pos,discover,analyze,verify
40,cross,pos,corner,border,side
41,peruse,pos,browse,ponder,indulge
42,rouse,pos,arouse,doze,appall
43,occupy,pos,invade,belong,possess
44,salute,pos,honor,acknowledge,congratulate
45,wake,pos,awake,sleep,cry
46,erupt,pos,explode,subside,gush
47,study,pos,survey,analyze,examine
48,hide,pos,conceal,want,cloak
49,shred,pos,chop,crumble,chill
50,drain,pos,sink,overflow,waste
51,harden,pos,soften,crumble,darken
52,confuse,pos,distract,misunderstand,presume
53,pee,pos,squirt,fart,sniff
54,belch,pos,sneeze,fart,inhale
55,strain,pos,stress,ache,isolate
56,shake,pos,knock,shudder,let
57,bound,pos,hold,remain,leave
58,forbid,pos,prohibit,obey,presume
59,ram,pos,dodge,idle,flash
60,thunder,pos,roar,dawn,cry
61,soothe,pos,relieve,relax,cuddle
62,level,pos,lower,lack,well
63,conclude,pos,argue,assume,presume
64,waltz,pos,dance,dawn,fiddle
65,renounce,pos,denounce,surrender,resign
66,knot,pos,tie,bow,fishtail
67,strap,pos,buckle,flap,pocket
68,crunch,pos,dip,slump,lend
69,shove,pos,yank,choke,pry
70,clamber,pos,scurry,slink,stoop
71,bet,pos,gamble,guess,suppose
72,set,pos,will,have,put
73,feign,pos,exaggerate,flinch,squirm
74,volunteer,pos,participate,benefit,attend
75,ice,pos,melt,snow,chill
76,contest,pos,win,spot,invite
77,irritate,pos,aggravate,linger,endanger
78,buckle,pos,strap,flap,pocket
79,soil,pos,ground,rot,contaminate
80,enforce,pos,impose,obey,cooperate
81,splash,pos,dash,float,tap
82,startle,pos,frighten,flinch,bewilder
83,rent,pos,house,stay,pay
84,devote,pos,dedicate,intend,concentrate
85,rebuild,pos,restore,need,lose
86,scrawl,pos,scribble,grimace,skitter
87,despise,pos,criticize,hate,envy
88,demand,pos,increase,expect,concern
89,click,pos,link,please,button
90,refill,pos,dispense,bleed,tap
91,pick,pos,get,want,go
92,earn,pos,reward,qualify,pay
93,underscore,pos,emphasize,precede,reiterate
94,test,pos,determine,result,result
95,limit,pos,restrict,assume,require
96,perfect,pos,fit,cool,look
97,stow,pos,fasten,recline,pocket
98,saw,pos,last,see,remember
99,clothe,pos,undress,grieve,dwell
100,educate,pos,encourage,recognize,learn
101,elaborate,pos,construct,fancy,imagine
102,burrow,pos,crawl,cave,furrow
103,center,pos,front,tower,side
104,rob,pos,steal,dawn,bob
105,calm,pos,quiet,relax,chill
106,influence,pos,affect,regard,concern
107,tiptoe,pos,saunter,slink,stoop
108,approve,pos,authorize,defer,disapprove
109,smoke,pos,fire,smell,inhale
110,clasp,pos,buckle,flap,latch
111,cost,pos,purchase,estimate,pay
112,obtain,pos,acquire,receive,verify
113,mumble,pos,grumble,snicker,mutter
114,amble,pos,saunter,wander,stroll
115,preside,pos,appoint,witness,resign
116,scoff,pos,sneer,snicker,obsess
117,gnaw,pos,chew,slink,writhe
118,date,pos,time,wait,notice
119,add,pos,make,want,put
120,strengthen,pos,reinforce,desire,focus
121,anchor,pos,hook,float,latch
122,knock,pos,beat,forget,let
123,decapitate,pos,impale,repulse,strangle
124,bank,pos,credit,interest,account
125,rein,pos,restrain,falter,oblige
126,quiet,pos,calm,stay,stroll
127,acquaint,pos,instruct,intend,oblige
128,threaten,pos,undermine,cease,endanger
129,induce,pos,stimulate,undergo,characterize
130,hammer,pos,wrench,face,pry
131,tow,pos,hitch,bow,tire
132,forgive,pos,confess,pray,excuse
133,deploy,pos,integrate,rely,communicate
134,chuck,pos,wrench,choke,bob
135,shop,pos,store,fancy,go
136,confirm,pos,suggest,assume,verify
137,measure,pos,determine,estimate,predict
138,hover,pos,rotate,float,scroll
139,hoist,pos,crane,tower,skid
140,bear,pos,hunt,face,dog
141,pop,pos,rap,cool,rock
142,convict,pos,prosecute,witness,court
143,intrude,pos,disturb,linger,endanger
144,mark,pos,point,spot,record
145,screech,pos,shriek,wail,squeal
146,discard,pos,toss,accept,accumulate
147,mime,pos,dance,attribute,animate
148,warm,pos,dry,cool,chill
149,disperse,pos,dissipate,vanish,contaminate
150,post,pos,comment,reply,read
151,disarm,pos,subdue,repulse,strangle
152,flood,pos,storm,trickle,concern
153,convey,pos,portray,relate,communicate
154,cover,pos,top,need,put
155,knit,pos,stitch,slouch,pant
156,prosecute,pos,punish,intend,cooperate
157,nod,pos,chuckle,smirk,wink
158,broadcast,pos,show,live,live
159,chuckle,pos,giggle,snicker,sigh
160,promote,pos,encourage,benefit,attract
161,increase,pos,decrease,benefit,result
162,offer,pos,provide,receive,require
163,wreck,pos,crash,stumble,freak
164,complete,pos,provide,need,course
165,hypnotize,pos,seduce,fascinate,mesmerize
166,deafen,pos,disorientate,perplex,appall
167,preserve,pos,maintain,keep,serve
168,squash,pos,chop,relish,sport
169,wall,pos,floor,tower,side
170,bath,pos,shower,lounge,mirror
171,swap,pos,exchange,want,put
172,quit,pos,stop,keep,lose
173,resist,pos,prevent,worry,tolerate
174,peep,pos,buckle,peek,wink
175,suspect,pos,murder,doubt,warrant
176,rocket,pos,bomb,tower,fuel
177,envelop,pos,engulf,recede,enclose
178,scream,pos,yell,wail,cry
179,haul,pos,tow,trip,skid
180,prop,pos,pull,reel,put
181,trigger,pos,cause,occur,recoil
182,dismantle,pos,demolish,intend,cooperate
183,demolish,pos,dismantle,crumble,reconsider
184,rear,pos,front,flap,tire
185,explain,pos,describe,know,understand
186,start,pos,begin,keep,go
187,fight,pos,battle,survive,struggle
188,revise,pos,amend,intend,reconsider
189,unlock,pos,activate,puzzle,flash
190,disguise,pos,conceal,fear,cloak
191,pet,pos,litter,keep,dog
192,pave,pos,dangle,sparkle,envision
193,cheat,pos,hack,puzzle,pal
194,handle,pos,pull,need,latch
195,tail,pos,nose,bow,side
196,intimidate,pos,harass,impress,endanger
197,switch,pos,disconnect,monitor,button
198,gyrate,pos,undulate,throb,writhe
199,rehearse,pos,improvise,ponder,memorize
200,comb,pos,brush,bow,bristle
201,leap,pos,jump,realize,imagine
202,produce,pos,generate,result,yield
203,swirl,pos,whirl,shimmer,spatter
204,adopt,pos,implement,consider,reconsider
205,open,pos,close,need,access
206,tear,pos,hurt,bleed,cry
207,prod,pos,rap,perplex,usher
208,fuss,pos,bother,worry,whine
209,flirt,pos,seduce,impress,wink
210,solve,pos,resolve,need,answer
211,act,pos,conduct,matter,respect
212,reopen,pos,postpone,wait,reconsider
213,praise,pos,applaud,deserve,pray
214,distribute,pos,solicit,intend,communicate
215,dishevel,pos,unnerve,perplex,appall
216,ignite,pos,spark,smolder,blaze
217,disclose,pos,withhold,acknowledge,verify
218,convene,pos,preside,intend,attend
219,cure,pos,treat,suffer,cough
220,rule,pos,impose,regard,respect
221,beat,pos,win,hear,lose
222,chip,pos,pin,clock,flash
223,navigate,pos,explore,analyze,learn
224,file,pos,document,attribute,request
225,slug,pos,barrel,choke,recoil
226,react,pos,respond,perceive,behave
227,hand,pos,finger,face,put
228,speed,pos,fast,idle,pulse
229,attach,pos,detach,need,enclose
230,crumple,pos,stiffen,cower,hyperventilate
231,floor,pos,wall,lounge,mat
232,print,pos,copy,silhouette,picture
233,preach,pos,proclaim,pray,pray
234,boil,pos,simmer,subside,chill
235,patrol,pos,assault,border,blaze
236,interrupt,pos,transmit,pause,communicate
237,batter,pos,pan,crumble,put
238,reconcile,pos,confront,relate,struggle
239,organize,pos,gather,intend,invite
240,supply,pos,demand,flow,fuel
241,shut,pos,stop,keep,let
242,defeat,pos,battle,encounter,struggle
243,finish,pos,round,rust,shine
244,appraise,pos,scrutinize,analyze,examine
245,damage,pos,harm,occur,risk
246,thaw,pos,freeze,crumble,chill
247,lick,pos,tease,drool,sniff
248,commission,pos,approve,interest,pay
249,blend,pos,combine,cool,concentrate
250,desert,pos,land,cave,rock
251,humiliate,pos,embarrass,impress,strangle
252,wear,pos,dress,sweat,pant
253,invade,pos,destroy,roam,endanger
254,spin,pos,twist,wobble,drift
255,meet,pos,bring,need,attend
256,gulp,pos,slurp,shudder,gasp
257,brandish,pos,wield,cower,flail
258,fashion,pos,dress,fancy,look
259,board,pos,commission,sit,put
260,cradle,pos,swivel,recline,latch
261,assess,pos,evaluate,analyze,examine
262,trace,pos,detect,analyze,isolate
263,sharpen,pos,broaden,analyze,darken
264,reaffirm,pos,affirm,acknowledge,reiterate
265,progress,pos,continue,result,project
266,motivate,pos,inspire,impress,attract
267,embrace,pos,abandon,desire,envision
268,right,pos,get,want,go
269,stick,pos,pull,keep,put
270,justify,pos,argue,consider,excuse
271,prohibit,pos,restrict,cease,require
272,mow,pos,plow,roam,stagger
273,double,pos,single,spot,put
274,murder,pos,arrest,witness,court
275,drape,pos,ruffle,silhouette,pant
276,overwhelm,pos,frustrate,linger,endanger
277,edit,pos,file,reply,button
278,scoot,pos,scamper,slink,skitter
279,probe,pos,investigate,monitor,pulse
280,cloud,pos,wind,snow,shadow
281,kill,pos,destroy,survive,let
282,sight,pos,rifle,glimpse,gaze
283,delight,pos,thrill,relish,indulge
284,stretch,pos,pull,rest,pant
285,careen,pos,hurtle,agonize,pulsate
286,remove,pos,rid,need,put
287,enter,pos,proceed,follow,leave
288,claim,pos,deny,believe,respect
289,brush,pos,comb,blush,bristle
290,grope,pos,fondle,stumble,squirm
291,unwrap,pos,unroll,peek,cuddle
292,embarrass,pos,humiliate,impress,endanger
293,lift,pos,pull,rest,skid
294,determine,pos,evaluate,analyze,examine
295,ground,pos,soil,spot,stand
296,man,pos,say,know,mind
297,restore,pos,recover,need,lose
298,spill,pos,leak,stink,contaminate
299,boot,pos,install,slouch,pant
300,do,pos,think,want,let
301,utter,pos,insult,disgust,excuse
302,undertake,pos,conduct,intend,require
303,flick,pos,film,cool,screen
304,deepen,pos,broaden,reflect,focus
305,bat,pos,ball,spot,freak
306,fend,pos,survive,survive,struggle
307,derive,pos,interpret,correspond,correspond
308,steel,pos,wire,rust,inch
309,topple,pos,overthrow,falter,strangle
310,seize,pos,confiscate,surrender,grasp
311,explode,pos,burst,vanish,gush
312,pace,pos,steady,expect,focus
313,translate,pos,interpret,analyze,communicate
314,pack,pos,bag,keep,pocket
315,transmit,pos,signal,correspond,communicate
316,shell,pos,layer,bow,pocket
317,accord,pos,mandate,regard,cooperate
318,raise,pos,increase,benefit,pay
319,tumble,pos,plunge,plummet,slide
320,hit,pos,smash,slump,put
321,specify,pos,assign,attribute,verify
322,collide,pos,explode,materialize,converge
323,group,pos,join,benefit,focus
324,ravage,pos,devastate,roam,contaminate
325,visit,pos,trip,trip,check
326,glare,pos,scowl,stare,gaze
327,advise,pos,inform,hesitate,presume
328,roar,pos,thunder,wail,purr
329,tidy,pos,clean,keep,look
330,reward,pos,earn,deserve,pay
331,cast,pos,film,feature,watch
332,score,pos,win,result,count
333,phone,pos,telephone,please,screen
334,squirt,pos,pee,fart,gush
335,arc,pos,beam,curve,angle
336,transform,pos,create,reflect,envision
337,diminish,pos,weaken,subside,endanger
338,sentence,pos,pardon,appeal,warrant
339,stiffen,pos,harden,tremble,shiver
340,warn,pos,ignore,fail,caution
341,mouth,pos,spit,face,eye
342,transfix,pos,disorientate,fascinate,mesmerize
343,peddle,pos,steer,fixate,stoop
344,protect,pos,prevent,keep,endanger
345,submit,pos,publish,receive,request
346,cruise,pos,sail,trip,go
347,detonate,pos,bomb,smolder,endanger
348,bang,pos,blow,fart,freak
349,cheer,pos,shout,impress,greet
350,counter,pos,sink,clock,side
351,minimize,pos,reduce,worry,risk
352,brighten,pos,lighten,glow,darken
353,discover,pos,uncover,realize,learn
354,accommodate,pos,allow,consist,require
355,improve,pos,enhance,benefit,focus
356,clutch,pos,brake,flap,latch
357,contact,pos,call,please,request
358,marry,pos,seduce,wish,let
359,treat,pos,cure,suffer,well
360,suspend,pos,terminate,defer,reconsider
361,supervise,pos,oversee,observe,cooperate
362,scribble,pos,scrawl,agonize,memorize
363,bake,pos,cook,crumble,chill
364,persuade,pos,convince,impress,oblige
365,stake,pos,venture,interest,bid
366,loosen,pos,tighten,relax,pry
367,expose,pos,reveal,intend,examine
368,favor,pos,oppose,consider,reconsider
369,highlight,pos,emphasize,reflect,focus
370,disconnect,pos,switch,idle,latch
371,anticipate,pos,accomplish,expect,envision
372,swerve,pos,veer,wobble,stagger
373,disturb,pos,disrupt,haunt,endanger
374,approach,pos,focus,sense,focus
375,engage,pos,encourage,intend,cooperate
376,reveal,pos,uncover,glimpse,examine
377,lean,pos,thin,limp,lose
378,mill,pos,lumber,loom,waste
379,copy,pos,file,wish,read
380,detach,pos,attach,protrude,depress
381,undulate,pos,gyrate,glisten,pulsate
382,worsen,pos,aggravate,subside,endanger
383,pierce,pos,penetrate,breathe,pry
384,bug,pos,fix,overflow,tick
385,swat,pos,slap,crouch,sniff
386,renew,pos,revive,cease,reconsider
387,bless,pos,thank,pray,pray
388,row,pos,front,sit,count
389,shade,pos,color,glow,shadow
390,poke,pos,shove,sit,pry
391,hitch,pos,tow,rust,skid
392,weather,pos,rain,snow,chill
393,purchase,pos,buy,receive,pay
394,support,pos,provide,benefit,well
395,dare,pos,pretend,forget,let
396,contract,pos,deal,interest,pay
397,admit,pos,think,doubt,suppose
398,heft,pos,poise,slouch,lend
399,litter,pos,trash,smell,dog
400,stride,pos,trot,slouch,glide
401,groan,pos,moan,whimper,gasp
402,clench,pos,convulse,grimace,squirm
403,sneak,pos,grab,peek,creep
404,question,pos,explain,matter,answer
405,pad,pos,surface,flap,mat
406,prevent,pos,avoid,keep,risk
407,swig,pos,gulp,grimace,slosh
408,grow,pos,cultivate,survive,attract
409,mail,pos,send,address,request
410,furnish,pos,obtain,intend,oblige
411,hamper,pos,obstruct,impress,endanger
412,unbuckle,pos,unbutton,recline,hyperventilate
413,escape,pos,flee,survive,leave
414,rag,pos,mop,limp,mat
415,cause,pos,reason,happen,result
416,fold,pos,pull,flap,pocket
417,crack,pos,hack,need,fidget
418,complicate,pos,undermine,perplex,endanger
419,judge,pos,testify,appeal,court
420,total,pos,increase,estimate,count
421,graze,pos,herd,roam,feed
422,whisk,pos,stir,crumble,chill
423,escalate,pos,intensify,subside,endanger
424,adjoin,pos,acquaint,overlook,enclose
425,clean,pos,wash,keep,put
426,seduce,pos,tempt,impress,mesmerize
427,punch,pos,knock,choke,tap
428,tilt,pos,rotate,recline,angle
429,pursue,pos,seek,desire,cooperate
430,top,pos,edge,spot,side
431,direct,pos,provide,receive,access
432,bother,pos,complain,worry,suppose
433,thin,pos,layer,resemble,slick
434,massage,pos,bath,relax,indulge
435,clap,pos,shout,snicker,whoop
436,wet,pos,dry,sweat,slick
437,flop,pos,flip,limp,mistake
438,caress,pos,fondle,tremble,shiver
439,invest,pos,spend,intend,afford
440,shush,pos,blurt,sulk,mutter
441,enrage,pos,terrify,perplex,horrify
442,argue,pos,disagree,believe,presume
443,swarm,pos,plague,brood,attract
444,violate,pos,enforce,constitute,endanger
445,clip,pos,strap,reel,picture
446,oppose,pos,condemn,acknowledge,disapprove
447,pretend,pos,bother,forget,suppose
448,sing,pos,listen,hear,cry
449,enlist,pos,persuade,intend,oblige
450,rant,pos,ramble,hate,joke
451,mediate,pos,induce,underlie,cooperate
452,unscrew,pos,unhook,protrude,pry
453,cop,pos,murder,guess,joke
454,huddle,pos,scurry,sit,cuddle
455,confer,pos,exert,imply,entitle
456,dip,pos,plunge,relish,chill
457,hack,pos,cheat,fail,flash
458,zoom,pos,blur,fade,angle
459,film,pos,flick,feature,screen
460,flip,pos,flop,cool,slide
461,invoke,pos,assert,attribute,presume
462,polish,pos,nail,glitter,shine
463,comply,pos,enforce,obey,require
464,maintain,pos,ensure,keep,require
465,drill,pos,wrench,bow,bore
466,mix,pos,blend,cool,chill
467,tread,pos,lug,bleed,tire
468,prescribe,pos,administer,regard,require
469,steer,pos,plow,intend,skid
470,shift,pos,change,need,focus
471,hunt,pos,chase,roam,go
472,change,pos,shift,need,understand
473,type,pos,sort,attribute,like
474,gouge,pos,scrape,bleed,pry
475,programme,pos,undertake,benefit,project
476,ascend,pos,descend,recede,behold
477,space,pos,floor,sense,size
478,discharge,pos,drain,flow,pulse
479,sip,pos,drink,relax,sniff
480,jump,pos,leap,skip,go
481,sober,pos,awake,sense,mind
482,frown,pos,scowl,grimace,squint
483,mock,pos,insult,cringe,joke
484,frame,pos,shape,span,mirror
485,veer,pos,swerve,teeter,intersect
486,dot,pos,print,glitter,bob
487,search,pos,locate,need,found
488,unload,pos,load,wait,pry
489,secure,pos,ensure,keep,access
490,eject,pos,expel,protrude,depress
491,lurch,pos,careen,shudder,stagger
492,dab,pos,rub,blush,ooze
493,ball,pos,throw,spot,fumble
494,decrease,pos,increase,result,risk
495,stream,pos,broadcast,flow,feed
496,try,pos,make,want,go
497,spend,pos,invest,want,afford
498,slay,pos,devour,weep,behold
499,settle,pos,decide,intend,afford
500,graduate,pos,associate,experience,attend
501,raid,pos,attack,encounter,march
502,shelter,pos,rescue,survive,foster
503,stabilize,pos,strengthen,subside,depress
504,swipe,pos,grab,glance,gesture
505,stroke,pos,throttle,bleed,risk
506,attempt,pos,try,fail,excuse
507,work,pos,time,need,well
508,star,pos,cast,spot,picture
509,scatter,pos,sprinkle,wander,multiply
510,cap,pos,shield,flap,pocket
511,stamp,pos,stencil,glitter,note
512,wipe,pos,erase,sweat,let
513,roll,pos,pull,reel,slide
514,slice,pos,chop,relish,serve
515,care,pos,nurse,need,understand
516,blast,pos,bomb,hear,blaze
517,contrast,pos,color,reflect,characterize
518,engrave,pos,embroider,agonize,agonize
519,peck,pos,nibble,crouch,chirp
520,elevate,pos,heighten,impress,depress
521,giggle,pos,chuckle,snicker,gasp
522,crackle,pos,glaze,shimmer,sizzle
523,arrange,pos,organize,hesitate,arrive
524,rivet,pos,buckle,flap,latch
525,improvise,pos,rehearse,breathe,memorize
526,appoint,pos,elect,defer,resign
527,deprive,pos,compel,cease,endanger
528,fry,pos,cook,relish,sizzle
529,scratch,pos,scrape,rust,imagine
530,sling,pos,strap,bow,recoil
531,appeal,pos,dismiss,consider,court
532,ramble,pos,babble,wander,stroll
533,shave,pos,wash,bald,glide
534,concentrate,pos,focus,realize,focus
535,tune,pos,listen,hear,fiddle
536,dance,pos,waltz,live,rock
537,cultivate,pos,deepen,desire,attract
538,slip,pos,pull,flap,slide
539,discuss,pos,talk,consider,examine
540,flex,pos,grip,curve,angle
541,order,pos,purchase,need,require
542,tease,pos,lick,gag,squirm
543,thrill,pos,delight,enjoy,indulge
544,loop,pos,hook,curve,latch
545,snarl,pos,growl,grimace,purr
546,name,pos,list,address,like
547,trot,pos,gallop,wander,stroll
548,trudge,pos,saunter,wander,stagger
549,muffle,pos,deafen,snore,squeal
550,rattle,pos,clatter,chime,squeak
551,convince,pos,persuade,impress,let
552,inspect,pos,scrutinize,observe,verify
553,adapt,pos,evolve,survive,communicate
554,list,pos,page,see,check
555,console,pos,switch,monitor,screen
556,scurry,pos,scamper,cower,skitter
557,sketch,pos,outline,peek,picture
558,fool,pos,pretend,wonder,joke
559,coil,pos,wire,choke,latch
560,whip,pos,shake,sit,put
561,hurry,pos,rush,wait,let
562,implement,pos,integrate,intend,require
563,number,pos,indicate,address,count
564,become,pos,will,remain,well
565,clamp,pos,bolt,protrude,latch
566,buck,pos,hunt,guess,go
567,sprint,pos,race,curve,sport
568,exhale,pos,clench,breathe,inhale
569,urge,pos,encourage,desire,reconsider
570,ruin,pos,spoil,haunt,excuse
571,jolt,pos,lurch,shudder,shiver
572,abuse,pos,drug,suffer,neglect
573,nuzzle,pos,fondle,whimper,cuddle
574,assure,pos,ensure,regard,respect
575,expand,pos,broaden,intend,focus
576,soar,pos,rise,plummet,swell
577,comment,pos,post,reply,agree
578,retire,pos,quit,defer,resign
579,glaze,pos,crackle,shimmer,darken
580,storm,pos,rain,snow,blaze
581,represent,pos,indicate,reflect,correspond
582,panic,pos,stress,fear,anger
583,heat,pos,melt,sweat,chill
584,telephone,pos,phone,address,access
585,soak,pos,rinse,relax,indulge
586,challenge,pos,contest,doubt,struggle
587,bag,pos,pack,flap,pocket
588,overthrow,pos,topple,repulse,struggle
589,integrate,pos,incorporate,analyze,communicate
590,amend,pos,revise,intend,reconsider
591,drip,pos,drain,trickle,gush
592,join,pos,participate,want,invite
593,plan,pos,decide,consider,project
594,complain,pos,bother,hate,whine
595,mingle,pos,gather,linger,greet
596,disbelieve,pos,scoff,misunderstand,presume
597,blackmail,pos,kidnap,intrigue,strangle
598,blanch,pos,boil,flinch,darken
599,will,pos,continue,need,let
600,skin,pos,scar,face,eye
601,plague,pos,infect,fear,curse
602,plug,pos,disconnect,choke,tap
603,bail,pos,arrest,owe,court
604,tempt,pos,seduce,impress,indulge
605,drench,pos,douse,glisten,gush
606,tag,pos,name,attribute,button
607,clatter,pos,whirr,wail,clink
608,participate,pos,engage,receive,attend
609,revive,pos,restore,haunt,reconsider
610,sign,pos,right,see,notice
611,empty,pos,fill,rest,leave
612,intercept,pos,evade,analyze,verify
613,trap,pos,escape,choke,creep
614,cuff,pos,buckle,flap,pocket
615,spiral,pos,swirl,curve,slide
616,skim,pos,sift,skip,concentrate
617,situate,pos,appraise,contemplate,dwell
618,emit,pos,emanate,glow,radiate
619,gauge,pos,wire,monitor,inch
620,bounce,pos,jump,wobble,slide
621,trim,pos,lace,bow,pant
622,overtake,pos,dominate,falter,endanger
623,omit,pos,specify,skip,presume
624,ditch,pos,dig,skip,excuse
625,alarm,pos,alert,clock,pulse
626,inspire,pos,motivate,impress,attract
627,simmer,pos,boil,subside,sizzle
628,thank,pos,welcome,appreciate,hope
629,doom,pos,ruin,dread,curse
630,unite,pos,mobilize,desire,struggle
631,jam,pos,pop,relish,rock
632,gag,pos,tease,fart,joke
633,thump,pos,stomp,throb,squeak
634,clarify,pos,explain,intend,reiterate
635,yell,pos,scream,wail,cry
636,infect,pos,invade,lurk,contaminate
637,borrow,pos,repay,owe,lend
638,execute,pos,command,analyze,verify
639,mourn,pos,bury,grieve,pray
640,toss,pos,throw,sit,put
641,part,pos,end,rest,well
642,displace,pos,dislodge,recede,contaminate
643,mangle,pos,mutilate,misunderstand,flail
644,defend,pos,destroy,acknowledge,stand
645,rain,pos,storm,snow,chill
646,ting,pos,wad,sob,bawl
647,construct,pos,build,analyze,examine
648,commemorate,pos,celebrate,observe,congratulate
649,obliterate,pos,destroy,repulse,endanger
650,peer,pos,evaluate,trust,communicate
651,move,pos,push,want,let
652,swing,pos,bounce,wobble,slide
653,rack,pos,mount,tower,stand
654,generate,pos,create,analyze,attract
655,proceed,pos,decide,intend,go
656,diagnose,pos,detect,analyze,examine
657,depart,pos,proceed,wander,arrive
658,shriek,pos,screech,wail,squeal
659,outline,pos,illustrate,correspond,brief
660,undress,pos,fondle,slink,writhe
661,crank,pos,bolt,reel,latch
662,melt,pos,heat,crumble,chill
663,poison,pos,kill,fear,curse
664,return,pos,back,result,leave
665,corner,pos,front,spot,side
666,classify,pos,distinguish,analyze,characterize
667,stencil,pos,paint,glitter,mat
668,pile,pos,heap,sit,waste
669,indicate,pos,determine,correspond,correspond
670,carry,pos,bring,need,require
671,dispatch,pos,prompt,address,arrive
672,illustrate,pos,depict,relate,examine
673,ruffle,pos,lace,bow,pant
674,exaggerate,pos,distort,misunderstand,underestimate
675,emerge,pos,evolve,remain,struggle
676,chalk,pos,paint,glitter,mat
677,curl,pos,scrunch,limp,cuddle
678,introduce,pos,incorporate,intend,invite
679,annoy,pos,irritate,impress,bewilder
680,catch,pos,grab,spot,let
681,rearrange,pos,organize,analyze,memorize
682,affect,pos,interfere,depend,concern
683,drum,pos,pedal,reel,rock
684,rescue,pos,shelter,survive,dog
685,tell,pos,ask,know,let
686,wad,pos,ting,sob,sigh
687,roast,pos,cook,relish,sizzle
688,divert,pos,deflect,intend,endanger
689,whack,pos,smack,fart,freak
690,interpret,pos,distinguish,analyze,examine
691,chant,pos,recite,wail,cry
692,snap,pos,pull,flap,slide
693,talk,pos,speak,know,let
694,strangle,pos,suffocate,choke,squirm
695,pummel,pos,ravage,cower,strangle
696,refuse,pos,insist,accept,excuse
697,invent,pos,devise,realize,envision
698,brim,pos,cap,slouch,pocket
699,mount,pos,rack,tower,mirror
700,blow,pos,knock,face,let
701,battle,pos,fight,survive,struggle
702,reverberate,pos,emanate,linger,pulsate
703,ratify,pos,enact,defer,reconsider
704,shout,pos,yell,hear,cry
705,assault,pos,attack,witness,warrant
706,spook,pos,frighten,haunt,horrify
707,tackle,pos,pick,need,fumble
708,taste,pos,savor,smell,feel
709,buy,pos,purchase,want,afford
710,contort,pos,wriggle,grimace,writhe
711,dissipate,pos,absorb,subside,radiate
712,blind,pos,fool,fear,eye
713,say,pos,think,believe,suppose
714,sack,pos,bag,stink,fumble
715,voice,pos,sound,hear,cry
716,splatter,pos,crackle,glitter,spatter
717,blot,pos,stain,faint,isolate
718,suppress,pos,induce,cease,isolate
719,fishes,pos,perch,cave,feed
720,park,pos,walk,tower,lodge
721,postpone,pos,cancel,defer,defer
722,select,pos,choose,want,button
723,perch,pos,fishes,spot,stoop
724,build,pos,develop,need,project
725,sneeze,pos,belch,fart,yawn
726,stir,pos,simmer,relish,chill
727,denounce,pos,condemn,acknowledge,reiterate
728,outlaw,pos,ban,roam,strangle
729,cook,pos,bake,relish,serve
730,front,pos,rear,sit,side
731,inform,pos,advise,intend,communicate
732,time,pos,start,wait,remember
733,save,pos,get,forget,go
734,stash,pos,pile,glitter,pocket
735,write,pos,tell,wish,read
736,wiggle,pos,wriggle,wobble,squirm
737,allege,pos,prosecute,constitute,warrant
738,shoulder,pos,elbow,flap,pocket
739,jiggle,pos,wiggle,wobble,squirm
740,wedge,pos,peep,silhouette,angle
741,reappear,pos,disappear,vanish,darken
742,train,pos,rail,trip,arrive
743,disintegrate,pos,dissolve,vanish,contaminate
744,advance,pos,credit,qualify,pay
745,pitch,pos,ball,spot,angle
746,divorce,pos,marry,matter,court
747,single,pos,double,need,live
748,magnify,pos,exaggerate,perceive,darken
749,stall,pos,corner,sit,stand
750,lace,pos,ruffle,silhouette,pant
751,fly,pos,catch,trip,go
752,grip,pos,finger,bow,thumb
753,swallow,pos,spit,breathe,inhale
754,backhand,pos,dribble,bow,shin
755,snip,pos,chop,snicker,sniff
756,shroud,pos,shield,protrude,cloak
757,choose,pos,select,want,go
758,billow,pos,undulate,recede,pulsate
759,release,pos,announce,wait,record
760,dissolve,pos,disintegrate,vanish,concentrate
761,surge,pos,spike,slump,swell
762,cling,pos,resist,vanish,grasp
763,identify,pos,determine,analyze,examine
764,fire,pos,flame,glow,blaze
765,discourage,pos,deter,intend,endanger
766,tack,pos,saddle,bow,mat
767,hush,pos,whisper,breathe,murmur
768,unzip,pos,unpack,wince,pant
769,think,pos,say,know,suppose
770,smack,pos,slap,fart,joke
771,mess,pos,blame,worry,mistake
772,straighten,pos,bend,limp,squint
773,extract,pos,contain,analyze,concentrate
774,initiate,pos,establish,intend,communicate
775,assign,pos,specify,attribute,verify
776,key,pos,change,need,focus
777,dispose,pos,refuse,intend,waste
778,signal,pos,transmit,clock,pulse
779,appear,pos,indicate,seem,look
780,harm,pos,injure,suffer,endanger
781,tighten,pos,loosen,sag,pry
782,buffet,pos,bar,lounge,indulge
783,spar,pos,strut,bow,pry
784,function,pos,control,attribute,result
785,help,pos,assist,need,learn
786,taxi,pos,train,trip,arrive
787,smear,pos,stain,bleed,slur
788,terminate,pos,suspend,cease,entitle
789,hold,pos,pull,keep,stand
790,exploit,pos,manipulate,rely,isolate
791,tense,pos,calm,encounter,struggle
792,gather,pos,collect,observe,examine
793,ban,pos,prohibit,hate,reconsider
794,churn,pos,sift,expect,swell
795,win,pos,beat,qualify,lose
796,howl,pos,shriek,wail,squeal
797,stalk,pos,sprout,lurk,bark
798,arch,pos,wall,tower,crest
799,surface,pos,layer,flow,angle
800,house,pos,floor,dream,own
801,fake,pos,pretend,hate,joke
802,assert,pos,affirm,acknowledge,presume
803,play,pos,better,live,go
804,bloody,pos,mess,hate,cry
805,tattoo,pos,stencil,face,picture
806,evaluate,pos,assess,analyze,examine
807,focus,pos,emphasize,reflect,concentrate
808,solicit,pos,disclose,intend,advertise
809,scrutinize,pos,appraise,analyze,examine
810,review,pos,recommend,consider,read
811,erode,pos,weaken,recede,endanger
812,testify,pos,plead,witness,court
813,dribble,pos,ball,drool,gush
814,honor,pos,celebrate,recognize,congratulate
815,stray,pos,litter,wander,dog
816,blacken,pos,scorch,smolder,darken
817,flutter,pos,rustle,twitch,flicker
818,concede,pos,argue,acknowledge,presume
819,assist,pos,help,benefit,serve
820,stone,pos,plaster,cave,rock
821,listen,pos,sing,hear,let
822,activate,pos,initiate,receive,button
823,repay,pos,borrow,owe,pay
824,bomb,pos,detonate,fart,blaze
825,grunt,pos,groan,whimper,squeal
826,cancel,pos,terminate,accept,notice
827,bring,pos,give,need,let
828,mug,pos,cup,cool,stand
829,fetch,pos,retrieve,attribute,let
830,trick,pos,fool,forget,mistake
831,unbutton,pos,unbuckle,flinch,squirm
832,interrogate,pos,detain,analyze,examine
833,share,pos,bring,interest,own
834,celebrate,pos,commemorate,forget,congratulate
835,surround,pos,sound,overlook,enclose
836,give,pos,make,want,let
837,superimpose,pos,distort,fixate,animate
838,dress,pos,lace,fancy,pant
839,guarantee,pos,assure,expect,require
840,call,pos,ask,please,let
841,trample,pos,smother,cower,strangle
842,abandon,pos,embrace,desire,reconsider
843,box,pos,bag,fancy,button
844,whisper,pos,silence,whimper,murmur
845,deliver,pos,provide,receive,serve
846,scar,pos,skin,bulge,eye
847,snort,pos,chuckle,snicker,sniff
848,tug,pos,tow,whimper,pry
849,dry,pos,wet,sweat,chill
850,slit,pos,prick,flap,pocket
851,bruise,pos,scar,ache,shin
852,dispute,pos,resolve,regard,court
853,string,pos,char,attribute,echo
854,relent,pos,budge,falter,waver
855,hiss,pos,growl,wail,squeal
856,rake,pos,shovel,sit,skid
857,enact,pos,impose,intend,reconsider
858,confess,pos,admit,regret,presume
859,apologize,pos,forgive,regret,excuse
860,quicken,pos,rouse,falter,depress
861,squat,pos,lunge,crouch,stoop
862,shower,pos,bath,lounge,mirror
863,engulf,pos,ravage,recede,pulsate
864,adjust,pos,adapt,monitor,angle
865,kick,pos,ball,miss,put
866,define,pos,describe,attribute,correspond
867,disengage,pos,detach,protrude,latch
868,smother,pos,suffocate,choke,strangle
869,sweep,pos,pull,spot,skid
870,gain,pos,achieve,benefit,lose
871,impose,pos,enforce,regard,reconsider
872,sway,pos,strut,wobble,drift
873,instal,pos,install,fascinate,oblige
874,honk,pos,beep,wail,squeal
875,burst,pos,explode,bleed,gush
876,shatter,pos,disintegrate,crumble,pry
877,allow,pos,enable,need,require
878,digest,pos,absorb,analyze,feed
879,compile,pos,execute,analyze,verify
880,cut,pos,chop,want,put
881,sidle,pos,saunter,slink,skitter
882,wash,pos,rinse,sweat,shine
883,shoo,pos,scoot,loll,whoop
884,ripple,pos,wave,trickle,swell
885,unleash,pos,inflict,desire,envision
886,publish,pos,submit,intend,read
887,water,pos,dry,flow,waste
888,perform,pos,rehearse,undergo,require
889,compete,pos,dominate,qualify,attract
890,dispense,pos,administer,rely,oblige
891,stuff,pos,think,guess,like
892,modify,pos,alter,intend,verify
893,base,pos,surface,rest,side
894,trade,pos,exchange,interest,concern
895,char,pos,string,attribute,echo
896,huff,pos,grumble,sulk,hyperventilate
897,scuttle,pos,scurry,slink,skitter
898,spy,pos,sneak,intrigue,watch
899,send,pos,mail,please,request
900,lead,pos,overcome,result,result
901,eat,pos,consume,sit,go
902,render,pos,modify,fail,animate
903,exert,pos,induce,perceive,cooperate
904,dent,pos,scratch,rust,pry
905,ride,pos,trip,trip,hike
906,lug,pos,bolt,protrude,tire
907,enhance,pos,improve,reflect,focus
908,silence,pos,whisper,fear,cry
909,injure,pos,harm,suffer,endanger
910,paw,pos,claw,stare,dog
911,extinguish,pos,douse,smolder,blaze
912,tuck,pos,lift,flap,pocket
913,regain,pos,recover,desire,lose
914,lock,pos,bolt,keep,latch
915,offend,pos,insult,misunderstand,presume
916,twirl,pos,whirl,wobble,writhe
917,scare,pos,frighten,fear,joke
918,unfold,pos,emerge,linger,envision
919,survive,pos,fend,endure,struggle
920,frustrate,pos,annoy,perplex,bewilder
921,chop,pos,slice,crumble,chill
922,bump,pos,bounce,spot,creep
923,spray,pos,brush,smell,concentrate
924,link,pos,click,please,check
925,grill,pos,cook,lounge,sizzle
926,punish,pos,humiliate,obey,excuse
927,disappear,pos,reappear,vanish,blink
928,stress,pos,relieve,worry,risk
929,encourage,pos,promote,intend,invite
930,swivel,pos,clamp,recline,angle
931,debate,pos,argue,matter,concern
932,continue,pos,begin,remain,go
933,clutter,pos,tidy,worry,accumulate
934,shock,pos,stress,fear,recoil
935,compromise,pos,undermine,regard,concern
936,criticize,pos,accuse,resent,presume
937,maneuver,pos,dismount,pose,glide
938,devastate,pos,ravage,recede,endanger
939,fulfill,pos,fulfil,desire,serve
940,draw,pos,match,face,put
941,turn,pos,take,want,let
942,reckon,pos,think,doubt,suppose
943,patch,pos,bug,flap,side
944,weave,pos,knit,loom,pant
945,decide,pos,choose,want,let
946,scamper,pos,scurry,slink,skitter
947,worship,pos,preach,pray,pray
948,narrow,pos,edge,slant,side
949,spew,pos,spit,drool,gush
950,mimic,pos,distinguish,resemble,imitate
951,report,pos,survey,estimate,examine
952,crash,pos,wreck,fail,blaze
953,aim,pos,focus,intend,focus
954,fence,pos,wall,border,stand
955,shoot,pos,kill,wait,let
956,adorn,pos,decorate,resemble,lend
957,harass,pos,intimidate,resent,endanger
958,draft,pos,pick,consider,put
959,scrub,pos,wash,sweat,bark
960,break,pos,end,stay,let
961,pass,pos,rush,fail,fumble
962,squeeze,pos,pull,sit,let
963,embroider,pos,sew,agonize,agonize
964,accuse,pos,criticize,resent,presume
965,rumble,pos,roar,wail,squeal
966,coat,pos,polish,rust,dog
967,collect,pos,gather,analyze,accumulate
968,stab,pos,poke,bleed,pry
969,plunge,pos,dip,plummet,indulge
970,fill,pos,empty,need,let
971,apply,pos,obtain,qualify,require
972,disorientate,pos,unnerve,perplex,appall
973,reduce,pos,minimize,benefit,risk
974,respond,pos,react,acknowledge,communicate
975,book,pos,write,see,read
976,beam,pos,light,glow,angle
977,munch,pos,nibble,relish,cuddle
978,step,pos,process,need,go
979,rise,pos,decline,plummet,struggle
980,insert,pos,attach,flap,button
981,ensure,pos,assure,need,require
982,rotate,pos,adjust,float,angle
983,recommend,pos,advise,consider,agree
984,condemn,pos,denounce,acknowledge,disapprove
985,store,pos,shop,want,go
986,command,pos,execute,attribute,echo
987,trash,pos,dump,hate,waste
988,refer,pos,describe,relate,understand
989,provoke,pos,arouse,fear,anger
990,contradict,pos,undermine,imply,presume
991,chat,pos,flirt,live,live
992,fit,pos,shape,need,size
993,alert,pos,alarm,monitor,caution
994,rend,pos,impale,tremble,behold
995,restrict,pos,prohibit,intend,require
996,manufacture,pos,produce,rely,require
997,terrify,pos,frighten,fascinate,horrify
998,sound,pos,voice,hear,feel
999,ship,pos,sail,wait,arrive
1000,exchange,pos,trade,interest,account
1001,ready,pos,get,need,let
1002,sprout,pos,grow,wither,bark
1003,surf,pos,swim,spot,swell
1004,replace,pos,remove,need,put
1005,venture,pos,invest,intend,project
1006,convert,pos,file,want,multiply
1007,end,pos,back,rest,go
1008,glue,pos,nail,glitter,mat
1009,don,pos,dare,forget,let
1010,freeze,pos,thaw,wait,chill
1011,rush,pos,hurry,wait,fumble
1012,peel,pos,skin,fade,bark
1013,ring,pos,belt,fancy,pocket
1014,retract,pos,disengage,protrude,latch
1015,founder,pos,associate,believe,own
1016,cash,pos,credit,interest,pay
1017,succeed,pos,accomplish,realize,struggle
1018,shed,pos,fence,keep,weigh
1019,exasperate,pos,aggravate,perplex,bewilder
1020,deny,pos,reject,acknowledge,presume
1021,head,pos,arm,face,eye
1022,hang,pos,pull,sit,go
1023,camp,pos,park,trip,retreat
1024,evolve,pos,adapt,survive,envision
1025,avert,pos,worsen,materialize,endanger
1026,hum,pos,hiss,hear,whine
1027,plat,pos,land,correspond,warrant
1028,sting,pos,bite,stink,sniff
1029,slaughter,pos,herd,fear,cry
1030,dart,pos,dodge,bow,glide
1031,etch,pos,sputter,rust,spatter
1032,speak,pos,talk,hear,understand
1033,flank,pos,corner,repulse,side
1034,intensify,pos,heighten,subside,darken
1035,throw,pos,toss,forget,put
1036,boom,pos,bubble,slump,skid
1037,lash,pos,nail,blush,eye
1038,commit,pos,execute,intend,excuse
1039,confiscate,pos,seize,cease,endanger
1040,acquit,pos,convict,repulse,oblige
1041,bend,pos,straighten,curve,angle
1042,describe,pos,explain,relate,understand
1043,relieve,pos,soothe,ache,cough
1044,prompt,pos,respond,result,request
1045,rub,pos,lick,sweat,sniff
1046,muster,pos,concede,surrender,excuse
1047,develop,pos,establish,need,focus
1048,state,pos,rule,matter,court
1049,exceed,pos,limit,vary,require
1050,impale,pos,decapitate,flinch,strangle
1051,swim,pos,dive,relax,stroll
1052,seek,pos,pursue,desire,examine
1053,boast,pos,adorn,overlook,possess
1054,lop,pos,shoo,dwarf,purr
1055,satisfy,pos,fulfill,desire,indulge
1056,process,pos,step,result,result
1057,strand,pos,knot,loom,bristle
1058,spring,pos,fall,snow,well
1059,awake,pos,wake,sleep,cry
1060,buzz,pos,chatter,hear,attract
1061,line,pos,end,need,side
1062,bowl,pos,cup,sit,put
1063,revolve,pos,involve,relate,obsess
1064,pin,pos,plug,clock,latch
1065,make,pos,give,want,put
1066,color,pos,shade,glow,picture
1067,labor,pos,work,depend,struggle
1068,combine,pos,incorporate,reflect,concentrate
1069,pour,pos,stir,sweat,adore
1070,achieve,pos,accomplish,desire,focus
1071,reinforce,pos,strengthen,reflect,reiterate
1072,pronounce,pos,speak,recognize,presume
1073,mash,pos,chop,crumble,chill
1074,eliminate,pos,reduce,keep,require
1075,chug,pos,slurp,drool,slosh
1076,attack,pos,assault,fear,spell
1077,propel,pos,elevate,materialize,envision
1078,emanate,pos,reverberate,perceive,radiate
1079,round,pos,finish,spot,side
1080,run,pos,start,keep,go
1081,label,pos,name,attribute,record
1082,hail,pos,storm,snow,blaze
1083,jostle,pos,clamber,falter,pulsate
1084,grind,pos,chop,crumble,creep
1085,deck,pos,floor,lounge,side
1086,climb,pos,ascend,cave,hike
1087,dim,pos,light,glow,flicker
1088,reload,pos,load,pause,recoil
1089,sprinkle,pos,stir,crumble,sizzle
1090,sue,pos,accuse,owe,court
1091,tether,pos,sling,protrude,latch
1092,include,pos,involve,consist,well
1093,circulate,pos,distribute,breathe,accumulate
1094,vote,pos,approve,want,agree
1095,better,pos,think,want,well
1096,budge,pos,relent,flinch,waver
1097,shield,pos,protect,bow,cloak
1098,deflect,pos,divert,repulse,recoil
1099,chatter,pos,buzz,idle,whine
1100,kneel,pos,beg,pray,pray
1101,bust,pos,figure,silhouette,size
1102,vent,pos,exhaust,flap,latch
1103,stimulate,pos,induce,desire,attract
1104,starve,pos,deprive,survive,strangle
1105,tailor,pos,adapt,depend,examine
1106,fix,pos,bug,need,mistake
1107,uncover,pos,discover,analyze,examine
1108,besiege,pos,assail,repulse,preoccupy
1109,lecture,pos,study,sit,attend
1110,ignore,pos,bother,assume,presume
1111,conduct,pos,undertake,regard,examine
1112,bleach,pos,rinse,bleed,darken
1113,cup,pos,bowl,relish,concentrate
1114,object,pos,function,attribute,correspond
1115,scrape,pos,chop,crumble,pry
1116,awaken,pos,rouse,desire,mind
1117,administer,pos,prescribe,analyze,examine
1118,erase,pos,wipe,fade,blink
1119,charm,pos,delight,sparkle,admire
1120,disrupt,pos,interfere,cease,endanger
1121,groom,pos,marry,impress,greet
1122,wrestle,pos,grapple,choke,struggle
1123,welcome,pos,thank,appreciate,invite
1124,heighten,pos,intensify,desire,endanger
1125,distract,pos,confuse,impress,excuse
1126,bolt,pos,wrench,rust,latch
1127,immerse,pos,submerge,relax,indulge
1128,weaken,pos,undermine,falter,endanger
1129,dictate,pos,govern,depend,presume
1130,pounce,pos,prowl,slink,squirm
1131,enrich,pos,broaden,reflect,lend
1132,expel,pos,dislodge,repulse,inhale
1133,involve,pos,arise,occur,require
1134,design,pos,fashion,silhouette,project
1135,slap,pos,smack,fart,joke
1136,negotiate,pos,resolve,accept,cooperate
1137,lower,pos,decrease,rest,risk
1138,frighten,pos,terrify,perplex,horrify
1139,lunge,pos,squat,crouch,flail
1140,baffle,pos,vent,perplex,bewilder
1141,rank,pos,earn,qualify,count
1142,target,pos,aim,value,focus
1143,establish,pos,maintain,regard,examine
1144,station,pos,train,tower,access
1145,shape,pos,fit,silhouette,look
1146,gamble,pos,bet,intend,lose
1147,snag,pos,grab,spot,pry
1148,scrunch,pos,curl,slouch,squint
1149,unpack,pos,unzip,analyze,examine
1150,descend,pos,ascend,wander,converge
1151,notify,pos,inform,receive,request
1152,land,pos,ground,rest,own
1153,repair,pos,salvage,need,tire
1154,compensate,pos,adjust,depend,pay
1155,wag,pos,sneer,snicker,wink
1156,grab,pos,pull,sit,let
1157,saddle,pos,tack,bow,tire
1158,power,pos,control,sense,fuel
1159,prove,pos,reason,doubt,presume
1160,astonish,pos,amuse,perplex,bewilder
1161,flare,pos,burst,glow,blaze
1162,splinter,pos,shatter,rot,pry
1163,nose,pos,mouth,face,eye
1164,clear,pos,make,matter,put
1165,hurl,pos,fling,cower,stoop
1166,jab,pos,punch,gag,joke
1167,implore,pos,beg,pray,pray
1168,upset,pos,hurt,worry,lose
1169,slop,pos,slurp,wobble,slosh
1170,drive,pos,run,need,go
1171,dig,pos,bury,want,let
1172,broaden,pos,expand,intend,focus
1173,embed,pos,integrate,attribute,animate
1174,gap,pos,end,span,overlap
1175,confront,pos,overcome,encounter,struggle
1176,widen,pos,broaden,recede,darken
1177,wrack,pos,seethe,agonize,preoccupy
1178,arouse,pos,provoke,fascinate,horrify
1179,place,pos,time,spot,put
1180,track,pos,tune,keep,record
1181,interfere,pos,disrupt,depend,endanger
1182,applaud,pos,criticize,appreciate,congratulate
1183,blurt,pos,mumble,cringe,overhear
1184,boost,pos,increase,benefit,attract
1185,strip,pos,thin,border,side
1186,crucify,pos,condemn,grieve,strangle
1187,cite,pos,argue,acknowledge,mention
1188,match,pos,win,result,result
1189,submerge,pos,immerse,recede,contaminate
1190,transport,pos,transfer,depend,waste
1191,retain,pos,maintain,remain,possess
1192,stain,pos,paint,rust,darken
1193,sever,pos,cause,suffer,strangle
1194,deal,pos,contract,expect,pay
1195,endorse,pos,oppose,acknowledge,agree
1196,nominate,pos,appoint,intend,congratulate
1197,scale,pos,measure,value,size
1198,calculate,pos,determine,estimate,predict
1199,puncture,pos,wound,bleed,tire
1200,prepare,pos,ready,intend,serve
1201,kidnap,pos,blackmail,surrender,strangle
1202,insure,pos,assure,depend,require
1203,swear,pos,laugh,hate,suppose
1204,halter,pos,ruffle,silhouette,pant
1205,flame,pos,fire,glow,blaze
1206,capture,pos,shoot,analyze,picture
1207,employ,pos,operate,rely,require
1208,evacuate,pos,flee,repulse,leave
1209,bustle,pos,hustle,relax,stroll
1210,drink,pos,eat,sit,indulge
1211,tie,pos,knot,bow,put
1212,rifle,pos,barrel,bow,recoil
1213,growl,pos,snarl,wail,purr
1214,photograph,pos,print,glimpse,picture
1215,install,pos,instal,need,require
1216,bar,pos,drink,lounge,tap
1217,rummage,pos,peruse,wander,sniff
1218,quiver,pos,clench,tremble,shiver
1219,moan,pos,groan,whimper,gasp
1220,beg,pos,implore,pray,pray
1221,sift,pos,scour,analyze,examine
1222,stop,pos,start,keep,go
1223,survey,pos,report,estimate,examine
1224,salvage,pos,repair,survive,bid
1225,nibble,pos,munch,linger,sniff
1226,douse,pos,extinguish,smolder,blaze
1227,twist,pos,spin,slant,angle
1228,tip,pos,finger,spot,thumb
1229,wring,pos,undress,weep,squirm
1230,permit,pos,allow,apply,require
1231,sew,pos,stitch,loom,cuddle
1232,avoid,pos,prevent,worry,risk
1233,flush,pos,sink,overflow,tap
1234,comfort,pos,ease,relax,feel
1235,accomplish,pos,achieve,intend,envision
1236,grapple,pos,wrestle,ponder,flail
1237,detect,pos,identify,analyze,verify
1238,evade,pos,sidestep,survive,cooperate
1239,spike,pos,surge,slump,pulse
1240,taunt,pos,harass,flinch,curse
1241,show,pos,will,see,live
1242,gallop,pos,trot,wander,flail
1243,cram,pos,shove,intend,memorize
1244,scrap,pos,pile,rust,waste
1245,convulse,pos,clench,tremble,writhe
1246,thrash,pos,doom,wail,rock
1247,edge,pos,corner,curve,side
1248,whirr,pos,clatter,throb,pulsate
1249,proclaim,pos,preach,acknowledge,pray
1250,reach,pos,close,need,go
1251,jog,pos,walk,pause,stroll
1252,mute,pos,silence,pause,button
1253,associate,pos,graduate,recognize,serve
1254,coordinate,pos,organize,correspond,cooperate
1255,stack,pos,pile,overflow,count
1256,wrapped,pos,bag,rest,put
1257,torture,pos,torment,fear,excuse
1258,drop,pos,jump,keep,put
1259,arrest,pos,murder,witness,warrant
1260,snuggle,pos,nuzzle,doze,cuddle
1261,puff,pos,bake,breathe,inhale
1262,engross,pos,astonish,fascinate,preoccupy
1263,sink,pos,drain,overflow,mirror
1264,steady,pos,pace,keep,swell
1265,curtain,pos,wall,bow,mirror
1266,get,pos,give,want,go
1267,arm,pos,shoulder,face,thumb
1268,grumble,pos,groan,sulk,whine
1269,undo,pos,erase,attribute,mistake
1270,equip,pos,educate,intend,learn
1271,scoop,pos,bowl,peek,put
1272,authorize,pos,approve,defer,defer
1273,sicken,pos,terrify,perplex,appall
1274,whirl,pos,twirl,shudder,pulsate
1275,acquire,pos,obtain,intend,possess
1276,disappoint,pos,tempt,impress,hope
1277,dangle,pos,clasp,sparkle,twinkle
1278,snoop,pos,rap,fart,usher
1279,poise,pos,stride,sense,grasp
1280,compose,pos,improvise,analyze,memorize
1281,riddle,pos,solve,puzzle,answer
1282,brake,pos,wheel,bleed,tire
1283,flag,pos,salute,border,march
1284,nestle,pos,snuggle,crumble,cuddle
1285,compel,pos,persuade,cease,oblige
1286,regulate,pos,govern,underlie,cooperate
1287,leak,pos,spill,overflow,fuel
1288,merge,pos,integrate,reflect,overlap
1289,yelp,pos,shriek,whimper,squeal
1290,advocate,pos,endorse,consider,concern
1291,begin,pos,start,intend,go
1292,sponsor,pos,participate,qualify,invite
1293,rinse,pos,wash,sweat,concentrate
1294,exhaust,pos,brake,flow,fuel
1295,circle,pos,square,curve,angle
1296,holler,pos,yell,wail,whoop
1297,finger,pos,hand,face,thumb
1298,dock,pos,ship,tower,screen
1299,skate,pos,ice,snow,sport
1300,rev,pos,throttle,idle,bob
1301,touch,pos,finger,sense,feel
1302,motion,pos,move,appeal,angle
1303,throttle,pos,brake,idle,fuel
1304,announce,pos,launch,intend,congratulate
1305,root,pos,extract,rot,bark
1306,dislodge,pos,loosen,repulse,pry
1307,deem,pos,refuse,regard,presume
1308,sear,pos,grill,choke,sizzle
1309,juggle,pos,grapple,survive,revolve
1310,insult,pos,offend,hate,joke
1311,accelerate,pos,reduce,intend,focus
1312,peg,pos,clamp,wobble,slide
1313,force,pos,push,sense,struggle
1314,slither,pos,wriggle,slink,writhe
1315,flee,pos,escape,fear,leave
1316,resolve,pos,solve,recognize,cooperate
1317,slash,pos,cut,mean,strangle
1318,chase,pos,hunt,encounter,let
1319,ricochet,pos,swerve,flinch,skitter
1320,race,pos,ride,qualify,sport
1321,hobble,pos,strangle,slink,strangle
1322,launch,pos,announce,wait,project
1323,restrain,pos,subdue,cease,strangle
1324,immobilize,pos,paralyze,repulse,strangle
1325,undermine,pos,weaken,imply,endanger
1326,laugh,pos,chuckle,cringe,joke
1327,emphasize,pos,focus,reflect,focus
1328,teach,pos,educate,know,learn
1329,steal,pos,grab,forget,let
1330,untie,pos,unhook,bow,strangle
1331,deposit,pos,cash,receive,pay
1332,yank,pos,shove,choke,pry
1333,last,pos,time,wait,put
1334,draghunt,pos,none,none,none
1335,extend,pos,expand,intend,require
1336,stock,pos,sell,value,yield
1337,rejoin,pos,join,rest,leave
1338,thrust,pos,force,shudder,bore
1339,tangle,pos,mess,limp,strangle
1340,affirm,pos,reaffirm,acknowledge,reiterate
1341,jot,pos,scribble,ponder,memorize
1342,propose,pos,introduce,intend,reconsider
1343,decline,pos,rise,slump,predict
1344,mutilate,pos,decapitate,misunderstand,strangle
1345,trip,pos,travel,stay,hike
1346,uphold,pos,affirm,acknowledge,reconsider
1347,lie,pos,pretend,sit,excuse
1348,repeat,pos,ignore,skip,let
1349,aggravate,pos,worsen,suffer,endanger
1350,rip,pos,tear,want,let
1351,agree,pos,disagree,believe,understand
1352,enable,pos,allow,rely,require
1353,decorate,pos,adorn,glitter,lend
1354,conceive,pos,comprehend,contemplate,presume
1355,pelt,pos,coat,bald,cloak
1356,jar,pos,bowl,relish,put
1357,oversee,pos,supervise,analyze,cooperate
1358,wheel,pos,brake,reel,tire
1359,mop,pos,wipe,sweat,bristle
1360,saunter,pos,amble,wander,stroll
1361,rustle,pos,clatter,whimper,creak
1362,plead,pos,testify,witness,warrant
1363,tend,pos,do,seem,behave
1364,fast,pos,slow,need,well
1365,crow,pos,duck,dawn,cry
1366,smash,pos,hit,crumble,rock
1367,trouble,pos,avoid,worry,mistake
1368,conceal,pos,hide,perceive,cloak
1369,nail,pos,polish,glitter,eye
1370,thread,pos,post,reply,joke
1371,defy,pos,confront,obey,struggle
1372,reserve,pos,preserve,interest,leave
1373,consume,pos,eat,suffer,accumulate
1374,strut,pos,rear,wobble,skid
1375,recruit,pos,enlist,impress,attract
1376,recover,pos,restore,survive,lose
1377,hire,pos,rent,want,pay
1378,block,pos,corner,address,side
1379,bone,pos,elbow,ache,eye
1380,chew,pos,gnaw,sit,bark
1381,clog,pos,irritate,sweat,contaminate
1382,slurp,pos,gulp,drool,slosh
1383,spare,pos,rack,need,put
1384,crane,pos,hoist,tower,skid
1385,fulfil,pos,fulfill,desire,recognise
1386,mask,pos,disguise,face,shadow
1387,nudge,pos,poke,pause,wink
1388,take,pos,give,want,go
1389,paralyze,pos,immobilize,perplex,strangle
1390,sail,pos,ship,bow,glide
1391,bite,pos,chew,smell,dog
1392,dismount,pos,maneuver,crouch,stagger
1393,betray,pos,offend,misunderstand,endanger
1394,punctuate,pos,reverberate,precede,pulsate
1395,intervene,pos,compel,cease,cooperate
1396,dive,pos,swim,cave,go
1397,slow,pos,fast,seem,feel
1398,load,pos,unload,idle,slide
1399,sort,pos,reason,sense,suppose
1400,grin,pos,smile,smirk,wink
1401,pedal,pos,brake,wobble,tire
1402,crowd,pos,cheer,hear,greet
1403,claw,pos,paw,bow,pry
1404,rid,pos,eliminate,worry,lose
1405,seethe,pos,blacken,smolder,writhe
1406,used,pos,make,have,put
1407,remind,pos,tell,forget,remember
1408,pat,pos,rub,crouch,bob
1409,press,pos,push,pause,button
1410,schedule,pos,begin,wait,resume
1411,forge,pos,unite,intend,envision
1412,exclude,pos,restrict,imply,defer
1413,stomp,pos,thump,wail,whoop
1414,cleanse,pos,wash,sweat,concentrate
1415,penetrate,pos,absorb,protrude,contaminate
1416,steam,pos,heat,flow,fuel
1417,figure,pos,point,assume,imagine
1418,burn,pos,fire,sweat,lose
1419,erect,pos,prick,limp,stand
1420,paint,pos,stain,rust,put
1421,shrink,pos,disappear,vanish,swell
1422,abolish,pos,enact,cease,reconsider
1423,alter,pos,modify,reflect,examine
1424,dedicate,pos,devote,intend,pray
1425,fling,pos,hurl,fart,gush
1426,amuse,pos,entertain,fascinate,bewilder
1427,bundle,pos,pack,receive,pocket
1428,charge,pos,cost,matter,pay
1429,wriggle,pos,wiggle,slink,squirm
1430,devour,pos,gnaw,weep,behold
1431,square,pos,circle,tower,size
1432,subtitle,pos,edit,pause,button
1433,slam,pos,knock,choke,pry
1434,walk,pos,park,wander,stroll
1435,fondle,pos,caress,drool,cuddle
1436,scramble,pos,hurry,stumble,fumble
1437,smooth,pos,clean,curve,slick
1438,instruct,pos,inform,intend,communicate
1439,protest,pos,oppose,fear,march
1440,blame,pos,accuse,hate,excuse
1441,guide,pos,travel,follow,learn
1442,conquer,pos,overcome,desire,struggle
1443,crush,pos,kiss,crumble,strangle
1444,grant,pos,award,benefit,project
1445,stun,pos,taunt,flinch,spell
1446,coax,pos,plug,choke,pry
1447,donate,pos,raise,receive,pay
1448,herd,pos,breed,roam,dog
1449,encircle,pos,encase,protrude,enclose
1450,wound,pos,scar,bleed,bore
1451,mobilize,pos,educate,recognize,cooperate
1452,create,pos,make,want,own
1453,come,pos,will,want,go
1454,rig,pos,crane,reel,drift
1455,affix,pos,attach,protrude,enclose
1456,detain,pos,confiscate,cease,warrant
1457,tickle,pos,tease,fart,squirm
1458,award,pos,honor,receive,congratulate
1459,exercise,pos,stress,relax,lose
1460,term,pos,refer,consider,result
1461,heap,pos,pile,overflow,waste
1462,eyeball,pos,finger,bulge,eye
1463,explore,pos,discover,enjoy,examine
1464,sell,pos,buy,want,afford
1465,shuffle,pos,flip,pause,slide
1466,unnerve,pos,terrify,perplex,horrify
1467,dodge,pos,dart,idle,tire
1468,filter,pos,remove,flow,fuel
1469,kid,pos,pretend,guess,joke
1470,cake,pos,bake,fancy,picture
1471,split,pos,separate,rest,put
1472,designate,pos,authorize,correspond,correspond
1473,issue,pos,question,matter,concern
1474,fume,pos,vent,stink,inhale
1475,zip,pos,unzip,flap,pocket
1476,wire,pos,coil,loom,inch
1477,confine,pos,restrain,intend,enclose
1478,stifle,pos,restrain,falter,strangle
1479,govern,pos,dictate,regard,cooperate
1480,connect,pos,disconnect,need,communicate
1481,hop,pos,rap,cool,rock
1482,beep,pos,honk,chime,chirp
1483,spit,pos,mouth,stink,gush
1484,veto,pos,enact,defer,reconsider
1485,contribute,pos,promote,benefit,risk
1486,scorch,pos,blacken,wither,spatter
1487,seal,pos,shield,flap,bore
1488,paddle,pos,sail,float,glide
1489,wave,pos,ripple,flow,pulse
1490,destroy,pos,kill,survive,endanger
1491,crop,pos,soil,depend,yield
1492,recite,pos,chant,pray,memorize
1493,fasten,pos,attach,protrude,latch
1494,flatten,pos,soften,bulge,darken
1495,close,pos,near,stay,go
1496,spread,pos,rise,rest,put
1497,vault,pos,wall,cave,record
1498,spur,pos,stimulate,desire,hike
1499,zap,pos,stun,vanish,blink
1500,duck,pos,roast,fart,dog
1501,depict,pos,portray,resemble,characterize
1502,demonstrate,pos,illustrate,recognize,examine
1503,shovel,pos,plow,snow,pry
1504,handcuff,pos,strangle,gag,strangle
1505,portray,pos,depict,relate,characterize
1506,operate,pos,employ,rely,require
1507,down,pos,back,sit,put
1508,emblazon,pos,brandish,agonize,appall
1509,dazzle,pos,astonish,sparkle,mesmerize
1510,transfer,pos,transport,accept,access
1511,plow,pos,shovel,snow,skid
1512,overcome,pos,confront,suffer,struggle
1513,bow,pos,tie,silhouette,stand
1514,manipulate,pos,distort,analyze,behave
1515,straddle,pos,grapple,crouch,strangle
1516,separate,pos,split,consist,own
1517,obscure,pos,sort,seem,mention
1518,rave,pos,dance,hear,rock
1519,kiss,pos,hug,stare,cry
1520,beckon,pos,tempt,linger,mesmerize
1521,spark,pos,ignite,glow,fuel
1522,pluck,pos,scrape,weep,pry
1523,breed,pos,herd,brood,dog
1524,plop,pos,slurp,doze,slosh
1525,position,pos,move,spot,angle
1526,heal,pos,mend,pray,pray
1527,mend,pos,heal,grieve,pray
1528,nurse,pos,care,sleep,foster
1529,delay,pos,postpone,lag,defer
1530,heave,pos,groan,tremble,stagger
1531,inject,pos,dispense,breathe,contaminate
1532,arise,pos,resolve,occur,concern
1533,bury,pos,dig,grieve,let
1534,hug,pos,kiss,sob,cuddle
1535,frisk,pos,detain,hunch,slur
1536,commence,pos,begin,cease,arrive
1537,torment,pos,inflict,endure,curse
1538,shrug,pos,chuckle,smirk,sigh
1539,wield,pos,brandish,perceive,possess
1540,hurtle,pos,careen,plummet,skitter
1541,smile,pos,grin,smirk,wink
1542,light,pos,beam,glow,mirror
1543,soften,pos,soothe,fade,darken
1544,form,pos,appear,result,result
1545,seat,pos,rear,sit,stand
1546,wrench,pos,bolt,choke,pry
1547,elbow,pos,shoulder,ache,shin
1548,pound,pos,chop,crumble,weigh
1549,manage,pos,maintain,need,communicate
1550,reassure,pos,persuade,impress,reiterate
1551,guard,pos,protect,spot,stand
1552,barrel,pos,rifle,choke,recoil
1553,assail,pos,besiege,repulse,bewilder
1554,stitch,pos,sew,loom,pocket
1555,letter,pos,send,address,note
1556,whistle,pos,rattle,chime,whine
1557,depose,pos,overthrow,repulse,resign
1558,belt,pos,buckle,flap,pocket
1559,converse,pos,speak,perceive,communicate
1560,pardon,pos,forgive,regret,excuse
1561,toast,pos,cake,crumble,serve
1562,aid,pos,help,benefit,require
1563,incorporate,pos,integrate,reflect,require
1564,browse,pos,peruse,enjoy,advertise
1565,fall,pos,spring,happen,go
1566,jut,pos,sidle,protrude,stoop
1567,sustain,pos,maintain,desire,lend
1568,savor,pos,delight,relish,indulge
1569,practice,pos,teach,experience,learn
1570,suffocate,pos,strangle,breathe,strangle
1571,layer,pos,surface,correspond,overlap
1572,suggest,pos,explain,consider,presume
1573,withdraw,pos,withhold,accept,reconsider
1574,distinguish,pos,identify,perceive,characterize
1575,page,pos,link,see,check
1576,finance,pos,credit,interest,pay
1577,collapse,pos,decline,slump,result
1578,document,pos,file,address,request
1579,rap,pos,hop,hate,rock
1580,ease,pos,comfort,worry,feel
1581,cascade,pos,ripple,flow,crest
1582,sputter,pos,etch,falter,hyperventilate
1583,dismiss,pos,deny,appeal,reconsider
1584,near,pos,close,spot,found
1585,present,pos,will,regard,well
1586,hook,pos,pull,reel,latch
1587,rat,pos,bone,smell,dog
1588,exit,pos,turn,follow,leave
1589,chain,pos,ring,fancy,tire
1590,pivot,pos,rotate,curve,angle
1591,ask,pos,tell,know,let
1592,absorb,pos,dissipate,breathe,accumulate
1593,withhold,pos,disclose,defer,defer
1594,dominate,pos,compete,seem,struggle
1595,snatch,pos,lick,limp,pry
1596,overturn,pos,uphold,appeal,reconsider
1597,deflate,pos,flatten,subside,depress
1598,scan,pos,detect,monitor,check
1599,contain,pos,indicate,consist,correspond
1600,point,pos,reason,guess,suppose
1601,range,pos,offer,vary,well
1602,control,pos,power,monitor,access
1603,spoil,pos,ruin,forget,let
1604,illuminate,pos,brighten,reflect,darken
1605,grit,pos,grind,rust,bristle
1606,lure,pos,tempt,impress,attract
1607,push,pos,pull,keep,put
1608,travel,pos,trip,trip,go
1609,consult,pos,advise,hesitate,examine
1610,crawl,pos,burrow,stumble,creep
1611,brace,pos,strut,bow,shin
1612,dial,pos,telephone,clock,button
1613,bash,pos,ignore,forget,excuse
1614,disagree,pos,agree,believe,agree
1615,fan,pos,love,cool,like
1616,lap,pos,race,sit,cuddle
1617,dash,pos,splash,sparkle,put
1618,feed,pos,eat,keep,live
1619,plant,pos,soil,rot,waste
1620,provide,pos,ensure,need,require
1621,lighten,pos,brighten,fade,darken
1622,loose,pos,pull,keep,lose
1623,vibrate,pos,emit,throb,pulsate
1624,hustle,pos,bustle,relax,stroll
1625,toy,pos,pet,puzzle,dog
1626,prick,pos,shove,throb,freak
1627,correct,pos,determine,assume,answer
1628,love,pos,think,know,adore
1629,credit,pos,cash,interest,pay
1630,reject,pos,deny,accept,reconsider
1631,escort,pos,taxi,surrender,greet
1632,drug,pos,abuse,benefit,risk
1633,register,pos,enter,address,check
1634,deter,pos,discourage,intend,endanger
1635,balance,pos,maintain,sense,focus
1636,babble,pos,chatter,sob,whine
1637,retrieve,pos,fetch,analyze,verify
1638,devise,pos,invent,intend,envision
1639,back,pos,down,rest,go
1640,summons,pos,arrest,witness,court
1641,cage,pos,fence,choke,dog
1642,blur,pos,glare,fade,flicker
1643,pledge,pos,promise,trust,pay
1644,obstruct,pos,interfere,protrude,endanger
1645,entertain,pos,amuse,impress,indulge
1646,assemble,pos,gather,intend,serve
1647,trail,pos,ride,snow,hike
1648,paste,pos,add,glitter,scroll
1649,hurt,pos,upset,worry,feel
1650,insist,pos,argue,assume,presume
1651,rail,pos,train,tower,fuel
1652,prowl,pos,pounce,lurk,creep
1653,surprise,pos,disappoint,wonder,imagine
1654,scour,pos,sift,stumble,examine
1655,unroll,pos,unwrap,wither,pulsate
1656,subdue,pos,restrain,repulse,strangle
0,know,neg,think,want,understand
1,materialize,neg,anticipate,vanish,envision
2,impress,neg,disappoint,fascinate,attract
3,sweat,neg,wet,breathe,pant
4,loll,neg,jut,doze,yawn
5,haunt,neg,ruin,linger,curse
6,dread,neg,doom,fear,envy
7,dwarf,neg,grow,resemble,shadow
8,doubt,neg,reason,believe,suppose
9,slant,neg,twist,slouch,angle
10,cower,neg,scurry,tremble,squirm
11,stay,neg,close,keep,leave
12,worry,neg,bother,forget,let
13,flinch,neg,clench,wince,squirm
14,value,neg,cost,attribute,result
15,belong,neg,represent,exist,suppose
16,estimate,neg,calculate,value,predict
17,leer,neg,sneer,smirk,glower
18,slink,neg,slither,cower,skitter
19,subside,neg,dissipate,recede,swell
20,appeal,neg,dismiss,consider,court
21,fixate,neg,superimpose,agonize,obsess
22,address,neg,mail,please,request
23,glisten,neg,undulate,gleam,glint
24,gag,neg,tease,fart,joke
25,hate,neg,despise,guess,like
26,exist,neg,arise,seem,understand
27,crouch,neg,kneel,cower,stoop
28,whimper,neg,groan,sob,gasp
29,rot,neg,soil,rust,creep
30,flap,neg,cuff,slant,pocket
31,dream,neg,love,desire,mind
32,apply,neg,obtain,qualify,require
33,expect,neg,say,want,imagine
34,correspond,neg,indicate,relate,overlap
35,constitute,neg,represent,imply,correspond
36,ponder,neg,comprehend,contemplate,mull
37,smell,neg,taste,stink,sniff
38,miss,neg,love,forget,remember
39,sleep,neg,awake,relax,mind
40,throb,neg,groan,ache,pulsate
41,ache,neg,relieve,throb,cough
42,regard,neg,reason,consider,respect
43,experience,neg,work,enjoy,well
44,fancy,neg,elaborate,prefer,imagine
45,limp,neg,shove,whimper,shiver
46,see,neg,think,know,look
47,encounter,neg,discover,glimpse,imagine
48,surrender,neg,abandon,accept,retreat
49,occur,neg,arise,happen,result
50,dawn,neg,wake,dream,march
51,die,neg,kill,survive,cry
52,glitter,neg,glue,sparkle,twinkle
53,glow,neg,light,sparkle,shine
54,prefer,neg,tend,want,like
55,twitch,neg,clench,flinch,shiver
56,snicker,neg,chuckle,smirk,gasp
57,wait,neg,get,forget,let
58,perceive,neg,comprehend,recognize,understand
59,idle,neg,throttle,lag,fuel
60,choke,neg,strangle,bleed,strangle
61,fear,neg,panic,dread,anger
62,drool,neg,giggle,cringe,gush
63,blush,neg,shade,shimmer,wink
64,cringe,neg,chuckle,shudder,squirm
65,live,neg,show,enjoy,go
66,age,neg,time,mean,risk
67,smolder,neg,seethe,linger,writhe
68,skip,neg,bother,pause,go
69,chime,neg,rattle,clock,chirp
70,tower,neg,wall,cave,stand
71,recall,neg,remind,wonder,remember
72,float,neg,hover,overflow,glide
73,rely,neg,employ,depend,require
74,vary,neg,range,depend,correspond
75,depend,neg,affect,rely,require
76,glimpse,neg,reveal,peek,look
77,smirk,neg,grin,grimace,wink
78,endure,neg,survive,suffer,tolerate
79,relish,neg,savor,enjoy,indulge
80,wish,neg,tell,want,hope
81,peek,neg,sneak,glimpse,look
82,doze,neg,awake,sleep,yawn
83,seem,neg,tend,doubt,suppose
84,deserve,neg,give,appreciate,hope
85,cave,neg,stone,wander,rock
86,qualify,neg,earn,receive,pay
87,trust,neg,reason,believe,respect
88,tremble,neg,groan,shudder,shiver
89,lurk,neg,prowl,linger,creep
90,benefit,neg,provide,depend,pay
91,obey,neg,enforce,follow,behave
92,appreciate,neg,thank,enjoy,admire
93,intend,neg,decide,consider,presume
94,view,neg,right,see,picture
95,imply,neg,indicate,assume,presume
96,fade,neg,disappear,vanish,darken
97,disgust,neg,utter,cringe,anger
98,sit,neg,hang,rest,stand
99,grieve,neg,mourn,weep,pray
100,shudder,neg,groan,cringe,gasp
101,stumble,neg,discover,wander,stagger
102,border,neg,fence,rest,side
103,sparkle,neg,dazzle,shimmer,twinkle
104,clock,neg,alarm,chime,display
105,snore,neg,sneeze,sleep,yawn
106,bald,neg,man,face,freak
107,overflow,neg,drain,flow,tap
108,perplex,neg,astonish,fascinate,bewilder
109,interest,neg,credit,consider,concern
110,undergo,neg,undertake,endure,require
111,guess,neg,think,know,suppose
112,misunderstand,neg,confuse,perceive,underestimate
113,slouch,neg,shrug,hunch,pant
114,inherit,neg,declare,attribute,possess
115,rust,neg,stain,rot,bark
116,consist,neg,contain,constitute,correspond
117,desire,neg,seek,sense,mind
118,sense,neg,reason,lack,mind
119,stink,neg,pee,smell,sniff
120,consider,neg,decide,assume,understand
121,wail,neg,howl,weep,squeal
122,fart,neg,pee,stink,joke
123,gleam,neg,grin,glisten,glint
124,forget,neg,tell,know,remember
125,vanish,neg,disappear,fade,darken
126,sulk,neg,grumble,cower,whine
127,want,neg,get,need,let
128,loom,neg,weave,dread,mull
129,cease,neg,continue,intend,cooperate
130,bow,neg,tie,silhouette,stand
131,weep,neg,mourn,grieve,cry
132,observe,neg,interpret,perceive,examine
133,lack,neg,reason,sense,concern
134,assume,neg,reason,believe,presume
135,breathe,neg,exhale,sweat,inhale
136,rest,neg,back,sit,leave
137,hear,neg,listen,know,let
138,grimace,neg,scowl,smirk,squint
139,silhouette,neg,shape,shimmer,pant
140,droop,neg,frown,sag,stagger
141,hesitate,neg,ask,please,let
142,faint,neg,whisper,smell,shiver
143,monitor,neg,detect,analyze,screen
144,spot,neg,place,rest,eye
145,cool,neg,warm,keep,chill
146,sob,neg,groan,whimper,sigh
147,intrigue,neg,thrill,fascinate,envy
148,keep,neg,make,need,let
149,sag,neg,bend,droop,swell
150,reel,neg,hook,bow,slide
151,survive,neg,fend,endure,struggle
152,witness,neg,testify,observe,court
153,curve,neg,shape,flow,angle
154,pause,neg,silence,skip,blink
155,owe,neg,repay,deserve,pay
156,brood,neg,swarm,sulk,dwell
157,feature,neg,include,cool,screen
158,recline,neg,swivel,sit,glide
159,fail,neg,ignore,happen,mistake
160,wince,neg,groan,cringe,squirm
161,resent,neg,despise,misunderstand,tolerate
162,trickle,neg,drip,flow,gush
163,bleed,neg,tear,fade,blink
164,mean,neg,think,guess,suppose
165,reflect,neg,emphasize,relate,examine
166,suffer,neg,cause,endure,tolerate
167,realize,neg,think,believe,understand
168,face,neg,head,stare,eye
169,decay,neg,disintegrate,rot,neglect
170,shimmer,neg,swirl,sparkle,shine
171,wobble,neg,jiggle,sag,creak
172,pray,neg,bless,grieve,hope
173,span,neg,gap,correspond,overlap
174,glance,neg,smile,glimpse,gaze
175,relate,neg,describe,reflect,understand
176,precede,neg,indicate,occur,correspond
177,accept,neg,reject,acknowledge,understand
178,happen,neg,think,realize,imagine
179,plummet,neg,soar,slump,depress
180,flow,neg,water,overflow,fuel
181,relax,neg,calm,enjoy,indulge
182,teeter,neg,careen,wobble,waver
183,matter,neg,reason,doubt,understand
184,fascinate,neg,astonish,perplex,mesmerize
185,enjoy,neg,savor,appreciate,indulge
186,falter,neg,relent,tremble,waver
187,trip,neg,travel,stay,hike
188,hunch,neg,reckon,guess,presume
189,defer,neg,postpone,intend,reconsider
190,bulge,neg,scar,protrude,swell
191,need,neg,get,want,understand
192,remain,neg,become,stay,leave
193,acknowledge,neg,affirm,recognize,recognise
194,wonder,neg,think,guess,imagine
195,roam,neg,prowl,wander,stroll
196,regret,neg,apologize,doubt,mistake
197,await,neg,beckon,wait,greet
198,overlook,neg,ignore,contemplate,admire
199,repulse,neg,subdue,flinch,horrify
200,lag,neg,delay,pause,creep
201,lounge,neg,bar,relax,lodge
202,agonize,neg,exasperate,grieve,obsess
203,protrude,neg,jut,bulge,enclose
204,underlie,neg,mediate,precede,characterize
205,follow,neg,take,see,go
206,crumble,neg,disintegrate,falter,stagger
207,puzzle,neg,riddle,tower,flash
208,slump,neg,decline,plummet,struggle
209,wander,neg,amble,roam,stroll
210,recede,neg,disappear,subside,darken
211,believe,neg,think,know,understand
212,recognize,neg,identify,acknowledge,recognise
213,please,neg,contact,hesitate,let
214,receive,neg,send,benefit,pay
215,resemble,neg,mimic,seem,imitate
216,snow,neg,rain,cool,chill
217,reply,neg,comment,please,answer
218,stare,neg,grin,glance,gaze
219,wither,neg,disintegrate,falter,darken
220,have,neg,get,know,well
221,contemplate,neg,comprehend,ponder,envision
222,attribute,neg,object,value,correspond
223,result,neg,cause,occur,risk
224,pose,neg,scare,face,concern
225,analyze,neg,evaluate,relate,examine
226,linger,neg,savor,haunt,dwell
0,preoccupy,equal,unnerve,perplex,bewilder
1,pry,equal,unscrew,choke,grasp
2,recount,equal,vote,recall,examine
3,anger,equal,panic,fear,envy
4,curse,equal,torment,fear,spell
5,stagger,equal,lurch,stumble,writhe
6,court,equal,judge,appeal,warrant
7,joke,equal,laugh,guess,excuse
8,recognise,equal,distinguish,recognize,realise
9,isolate,equal,strain,analyze,characterize
10,reiterate,equal,reaffirm,acknowledge,reconsider
11,wink,equal,grin,smirk,sigh
12,tick,equal,bite,pause,blink
13,waver,equal,relent,falter,writhe
14,oblige,equal,compel,intend,presume
15,quote,equal,comment,reply,joke
16,suppose,equal,think,guess,presume
17,accompany,equal,prepare,precede,greet
18,squirm,equal,wriggle,cringe,writhe
19,march,equal,protest,dawn,struggle
20,afford,equal,spend,want,pay
21,depress,equal,diminish,subside,endanger
22,foster,equal,encourage,trust,neglect
23,freak,equal,fool,hate,joke
24,characterize,equal,distinguish,analyze,examine
25,cooperate,equal,intervene,intend,communicate
26,course,equal,take,experience,well
27,hyperventilate,equal,convulse,flinch,squirm
28,concentrate,equal,focus,realize,focus
29,crest,equal,flank,flap,lodge
30,obsess,equal,exaggerate,fixate,agonize
31,correspond,equal,indicate,relate,overlap
32,horrify,equal,terrify,fascinate,appall
33,cough,equal,sneeze,ache,wheeze
34,multiply,equal,divide,correspond,accumulate
35,appall,equal,unnerve,perplex,horrify
36,whine,equal,grumble,wail,squeal
37,glower,equal,scowl,grimace,squint
38,slosh,equal,slop,wobble,skitter
39,stoop,equal,kneel,cower,excuse
40,fidget,equal,wriggle,twitch,squirm
41,yawn,equal,groan,snicker,sigh
42,memorize,equal,recite,ponder,learn
43,spatter,equal,splatter,rust,slosh
44,tap,equal,drain,flow,button
45,radiate,equal,emanate,glow,pulsate
46,brief,equal,outline,glimpse,note
47,shadow,equal,shade,glow,eye
48,sniff,equal,snort,smell,gasp
49,picture,equal,photograph,see,look
50,request,equal,submit,please,notice
51,entitle,equal,deprive,constitute,oblige
52,project,equal,progress,need,focus
53,remember,equal,think,forget,imagine
54,live,equal,show,enjoy,go
55,feel,equal,think,want,mind
56,notice,equal,reason,see,note
57,stand,equal,hold,sit,let
58,envision,equal,anticipate,contemplate,imagine
59,pay,equal,cash,owe,afford
60,button,equal,click,pause,scroll
61,squeak,equal,rattle,whimper,squeal
62,read,equal,write,see,remember
63,communicate,equal,convey,relate,understand
64,resign,equal,retire,regret,reconsider
65,learn,equal,teach,know,understand
66,side,equal,front,rest,well
67,indulge,equal,savor,enjoy,stroll
68,whoop,equal,holler,fart,squeal
69,mat,equal,pad,sit,skid
70,stroll,equal,walk,wander,indulge
71,shine,equal,brighten,sparkle,eye
72,converge,equal,collide,materialize,intersect
73,imitate,equal,mimic,resemble,behave
74,understand,equal,explain,know,learn
75,recoil,equal,rifle,flinch,bore
76,writhe,equal,wriggle,tremble,squirm
77,reconsider,equal,postpone,defer,defer
78,creak,equal,clatter,whimper,squeak
79,display,equal,color,monitor,screen
80,rock,equal,pop,cool,like
81,angle,equal,tilt,curve,mirror
82,grasp,equal,comprehend,perceive,understand
83,chill,equal,warm,cool,shiver
84,fuel,equal,exhaust,flow,waste
85,sprawl,equal,bustle,roam,envision
86,gawk,equal,saunter,stare,squirm
87,chirp,equal,screech,chime,squeal
88,warrant,equal,arrest,constitute,court
89,clink,equal,clatter,snicker,creak
90,ooze,equal,slither,drool,gush
91,found,equal,suggest,have,well
92,slide,equal,flip,curve,glide
93,fiddle,equal,tune,wail,whine
94,glint,equal,grin,gleam,twinkle
95,arrive,equal,depart,wait,leave
96,mistake,equal,blame,doubt,excuse
97,concern,equal,reason,regard,risk
98,struggle,equal,overcome,survive,understand
99,mirror,equal,light,face,eye
100,respect,equal,agree,regard,agree
101,blare,equal,screech,wail,pulsate
102,go,equal,get,want,let
103,squeal,equal,shriek,whimper,squeak
104,echo,equal,sound,hear,pulse
105,watch,equal,listen,see,go
106,wheeze,equal,sneeze,snore,cough
107,slur,equal,insult,disgust,joke
108,sport,equal,race,enjoy,focus
109,yield,equal,produce,value,result
110,shiver,equal,groan,shudder,squirm
111,spell,equal,trick,forget,curse
112,possess,equal,obtain,desire,grasp
113,bid,equal,deal,qualify,pay
114,envy,equal,despise,disgust,anger
115,purr,equal,growl,whimper,cuddle
116,realise,equal,reckon,realize,recognise
117,sizzle,equal,crackle,sparkle,pulsate
118,let,equal,tell,want,go
119,record,equal,track,live,put
120,latch,equal,lock,flap,slide
121,bore,equal,bolt,choke,recoil
122,lose,equal,regain,want,afford
123,mull,equal,scrutinize,ponder,reconsider
124,imagine,equal,think,wonder,suppose
125,sigh,equal,chuckle,sob,gasp
126,accumulate,equal,absorb,depend,contaminate
127,bristle,equal,brush,protrude,bark
128,cloak,equal,disguise,bow,shadow
129,glide,equal,smooth,float,slide
130,flash,equal,flip,puzzle,screen
131,skitter,equal,scurry,slink,writhe
132,furrow,equal,plow,droop,flail
133,slick,equal,smooth,cool,slide
134,hope,equal,think,wish,let
135,mesmerize,equal,astonish,fascinate,bewilder
136,behave,equal,react,perceive,presume
137,size,equal,fit,vary,inch
138,count,equal,number,mean,result
139,tire,equal,wheel,snow,skid
140,admire,equal,applaud,appreciate,adore
141,express,equal,convey,desire,communicate
142,strangle,equal,suffocate,choke,squirm
143,enclose,equal,encase,protrude,correspond
144,look,equal,make,see,like
145,scroll,equal,click,pause,button
146,disapprove,equal,approve,defer,reconsider
147,resume,equal,schedule,need,brief
148,shin,equal,elbow,ache,thumb
149,feed,equal,eat,keep,live
150,presume,equal,insist,assume,suppose
151,risk,equal,avoid,suffer,concern
152,pant,equal,ruffle,sweat,pocket
153,own,equal,make,want,put
154,squint,equal,scowl,grimace,gaze
155,pocket,equal,bag,flap,pant
156,waste,equal,trash,matter,fuel
157,animate,equal,render,perceive,imitate
158,retreat,equal,camp,relax,lodge
159,murmur,equal,whisper,whimper,mutter
160,put,equal,make,keep,let
161,skid,equal,plow,rust,tire
162,leave,equal,take,stay,let
163,well,equal,better,have,like
164,overlap,equal,define,correspond,correspond
165,endanger,equal,threaten,cease,contaminate
166,examine,equal,assess,analyze,characterize
167,dwell,equal,torment,grieve,behold
168,gasp,equal,groan,shudder,sigh
169,caution,equal,avoid,regard,concern
170,attend,equal,participate,receive,invite
171,stub,equal,insert,attribute,enclose
172,darken,equal,lighten,fade,shine
173,blink,equal,disappear,fade,flicker
174,focus,equal,emphasize,reflect,concentrate
175,overhear,equal,blurt,snicker,mutter
176,blaze,equal,fire,dawn,shadow
177,mind,equal,reason,sense,feel
178,attract,equal,lure,impress,advertise
179,tolerate,equal,complain,endure,behave
180,excuse,equal,blame,forget,mistake
181,pray,equal,bless,grieve,hope
182,bawl,equal,holler,wail,squeal
183,pal,equal,kid,guess,dog
184,greet,equal,welcome,await,invite
185,twinkle,equal,smile,gleam,glint
186,usher,equal,snoop,dawn,greet
187,predict,equal,anticipate,expect,characterize
188,underestimate,equal,exaggerate,misunderstand,predict
189,eye,equal,sight,face,gaze
190,congratulate,equal,applaud,acknowledge,invite
191,access,equal,secure,receive,require
192,gesture,equal,swipe,glance,gaze
193,screen,equal,touch,monitor,display
194,fumble,equal,sack,stumble,mistake
195,cry,equal,scream,weep,sigh
196,intersect,equal,collide,correspond,converge
197,bewilder,equal,astonish,perplex,appall
198,pulsate,equal,vibrate,throb,writhe
199,defer,equal,postpone,intend,reconsider
200,cuddle,equal,snuggle,sleep,purr
201,marvel,equal,delight,wonder,admire
202,flail,equal,brandish,wail,writhe
203,thumb,equal,finger,bulge,slide
204,require,equal,allow,need,possess
205,gaze,equal,sight,stare,eye
206,hike,equal,trail,trip,stroll
207,answer,equal,question,know,understand
208,account,equal,credit,interest,pay
209,bark,equal,chew,rot,dog
210,verify,equal,confirm,analyze,check
211,agonize,equal,exasperate,grieve,obsess
212,neglect,equal,abuse,suffer,concern
213,bob,equal,rob,dawn,rock
214,lodge,equal,park,stay,retreat
215,agree,equal,disagree,believe,understand
216,adore,equal,love,appreciate,admire
217,behold,equal,sight,weep,dwell
218,invite,equal,welcome,wish,attend
219,mutter,equal,mumble,snicker,whine
220,inhale,equal,exhale,breathe,sniff
221,pulse,equal,signal,flow,chirp
222,lend,equal,borrow,owe,afford
223,compare,equal,evaluate,consider,examine
224,weigh,equal,pound,ponder,lose
225,dog,equal,pet,keep,bark
226,inch,equal,steel,monitor,size
227,creep,equal,crawl,lurk,drift
228,revolve,equal,involve,relate,obsess
229,swell,equal,wind,subside,gush
230,fishtail,equal,ruffle,silhouette,pant
231,flicker,equal,blur,glow,blink
232,mention,equal,reason,doubt,suppose
233,note,equal,letter,see,notice
234,serve,equal,bring,need,well
235,drift,equal,shift,float,creep
236,like,equal,think,know,look
237,advertise,equal,sell,intend,attract
238,result,equal,cause,occur,risk
239,contaminate,equal,infect,lurk,endanger
240,gush,equal,spew,drool,ooze
241,check,equal,get,please,verify
